myself,
ourselves,
own,
theirs,
if,
it's,
haven,
didn't,
such,
don,
yourself,
itself,
will,
o,
few,
that'll,
has,
doesn,
until,
during,
isn,
haven't,
but,
my,
just,
weren,
having,
wouldn't,
didn,
between,
each,
the,
you've,
she,
should've,
into,
wasn,
or,
shan't,
by,
he,
only,
ll,
other,
here,
when,
had,
our,
shan,
whom,
while,
himself,
couldn,
you'll,
of,
about,
through,
below,
was,
where,
that,
him,
above,
before,
wouldn,
d,
been,
hadn't,
weren't,
ve,
them,
me,
not,
couldn't,
mustn,
yours,
mightn't,
does,
then,
this,
you,
from,
she's,
once,
more,
shouldn,
down,
yourselves,
hadn,
can,
your,
mustn't,
most,
who,
s,
am,
his,
with,
m,
aren,
t,
all,
shouldn't,
again,
than,
they,
at,
no,
re,
you're,
doesn't,
you'd,
won,
it,
as,
hers,
mightn,
why,
now,
out,
very,
an,
after,
which,
don't,
needn't,
have,
under,
further,
y,
won't,
herself,
ours,
needn,
are,
too,
hasn,
did,
being,
a,
these,
in,
themselves,
be,
any,
so,
should,
i,
there,
isn't,
over,
on,
both,
up,
hasn't,
wasn't,
its,
ma,
her,
for,
doing,
how,
aren't,
against,
to,
were,
some,
nor,
because,
and,
ain,
what,
same,
do,
we,
off,
those,
is,
their,
